user_id,first_name,last_name,email,phone,created_at
1,Judy,Wilson,judy.wilson@example.com,,2026-01-08 04:00:00
2,Ivan,Brown,ivan.brown@example.com,555-2184,2026-01-18 04:00:00
3,Frank,Anderson,frank.anderson@example.com,555-7827,2026-01-21 11:00:00
4,Alice,Jones,alice.jones@example.com,555-6105,2026-01-21 06:00:00
5,Charlie,Jackson,charlie.jackson@example.com,555-7186,2026-01-18 11:00:00
6,Bob,Taylor,bob.taylor@example.com,555-5342,2026-01-27 05:00:00
7,Eve,Anderson,eve.anderson@example.com,555-3386,2026-01-29 16:00:00
8,David,Taylor,david.taylor@example.com,555-1259,2026-01-01 12:00:00
9,Frank,Jones,frank.jones@example.com,555-9660,2026-01-05 09:00:00
10,Heidi,Jackson,heidi.jackson@example.com,555-9473,2026-01-02 14:00:00
11,Alice,Wilson,alice.wilson@example.com,555-3047,2026-01-11 22:00:00
12,Charlie,Thomas,charlie.thomas@example.com,555-2333,2026-01-08 21:00:00
13,Ivan,Anderson,ivan.anderson@example.com,555-3977,2026-01-12 14:00:00
14,Alice,Davis,alice.davis@example.com,555-2435,2026-01-24 16:00:00
15,Bob,Jones,bob.jones@example.com,555-7856,2026-01-22 22:00:00
16,Heidi,Jackson,heidi.jackson@example.com,555-6235,2026-01-20 03:00:00
17,Eve,Anderson,eve.anderson@example.com,555-3383,2026-01-14 22:00:00
18,Heidi,Brown,,555-1905,2026-01-11 14:00:00
19,Ivan,Taylor,,555-8915,2026-01-27 02:00:00
20,Judy,Brown,judy.brown@example.com,555-9659,2026-01-11 21:00:00
21,Heidi,Jackson,heidi.jackson@example.com,555-9764,2026-01-10 22:00:00
22,Judy,Taylor,judy.taylor@example.com,555-5410,2026-01-27 00:00:00
23,David,Jackson,david.jackson@example.com,555-2350,2026-01-11 08:00:00
24,Judy,Wilson,judy.wilson@example.com,555-7530,2026-01-17 17:00:00
25,Charlie,Thomas,charlie.thomas@example.com,555-7197,2026-01-25 03:00:00
26,Bob,Taylor,bob.taylor@example.com,555-1121,2026-01-03 17:00:00
27,Alice,Jackson,alice.jackson@example.com,555-9218,2026-01-24 21:00:00
28,Alice,Davis,alice.davis@example.com,,2026-01-16 12:00:00
29,Grace,Jackson,grace.jackson@example.com,555-2609,2026-01-30 08:00:00
30,Bob,Davis,bob.davis@example.com,555-1942,2026-01-17 15:00:00
31,Heidi,Miller,heidi.miller@example.com,,2026-01-01 12:00:00
32,Grace,Thomas,grace.thomas@example.com,555-7688,2026-01-19 03:00:00
33,Judy,Smith,judy.smith@example.com,555-7670,2026-01-22 03:00:00
34,Alice,Jackson,alice.jackson@example.com,555-6124,2026-01-07 06:00:00
35,Heidi,Anderson,heidi.anderson@example.com,555-4024,2026-01-16 09:00:00
36,Alice,Jones,alice.jones@example.com,555-8100,2026-01-23 05:00:00
37,Charlie,Brown,charlie.brown@example.com,555-8368,2026-01-05 00:00:00
38,Bob,Smith,bob.smith@example.com,555-8568,2026-01-29 03:00:00
39,Alice,Anderson,,555-1831,2026-01-17 06:00:00
40,Charlie,Davis,charlie.davis@example.com,555-6134,2026-01-26 15:00:00
41,Heidi,Davis,heidi.davis@example.com,555-5128,2026-01-30 09:00:00
42,Bob,Brown,bob.brown@example.com,555-5649,2026-01-04 06:00:00
43,David,Brown,david.brown@example.com,555-7594,2026-01-03 09:00:00
44,Charlie,Davis,charlie.davis@example.com,555-2715,2026-01-02 11:00:00
45,Frank,Davis,frank.davis@example.com,,2026-01-29 10:00:00
46,Judy,Taylor,judy.taylor@example.com,555-5234,2026-01-24 22:00:00
47,Heidi,Anderson,heidi.anderson@example.com,555-5215,2026-01-08 13:00:00
48,Judy,Jackson,judy.jackson@example.com,555-9316,2026-01-21 03:00:00
49,Bob,Smith,bob.smith@example.com,555-9908,2026-01-01 01:00:00
50,Alice,Taylor,alice.taylor@example.com,555-9421,2026-01-22 16:00:00
51,Frank,Brown,frank.brown@example.com,555-5042,2026-01-27 03:00:00
52,David,Thomas,david.thomas@example.com,555-4864,2026-01-05 19:00:00
53,Charlie,Wilson,charlie.wilson@example.com,555-2176,2026-01-25 17:00:00
54,David,Miller,david.miller@example.com,555-1731,2026-01-12 10:00:00
55,Ivan,Wilson,ivan.wilson@example.com,555-4231,2026-01-09 10:00:00
56,Ivan,Smith,ivan.smith@example.com,555-4234,2026-01-06 18:00:00
57,David,Smith,david.smith@example.com,555-8086,2026-01-27 01:00:00
58,Charlie,Miller,charlie.miller@example.com,555-1865,2026-01-31 01:00:00
59,Heidi,Smith,heidi.smith@example.com,555-6659,2026-01-13 17:00:00
60,Eve,Jackson,,555-6569,2026-01-14 09:00:00
61,Charlie,Davis,charlie.davis@example.com,,2026-01-27 04:00:00
62,Bob,Anderson,bob.anderson@example.com,555-1708,2026-01-02 14:00:00
63,Eve,Brown,eve.brown@example.com,555-3982,2026-01-13 19:00:00
64,Charlie,Wilson,charlie.wilson@example.com,555-4177,2026-01-20 03:00:00
65,David,Miller,david.miller@example.com,555-7816,2026-01-19 19:00:00
66,Charlie,Jackson,,555-6194,2026-01-10 03:00:00
67,David,Anderson,david.anderson@example.com,555-9817,2026-01-07 14:00:00
68,Bob,Brown,,555-1714,2026-01-12 05:00:00
69,Charlie,Jackson,charlie.jackson@example.com,555-6513,2026-01-10 07:00:00
70,Ivan,Anderson,ivan.anderson@example.com,555-6711,2026-01-28 08:00:00
71,Eve,Jackson,eve.jackson@example.com,555-3099,2026-01-10 01:00:00
72,Judy,Wilson,judy.wilson@example.com,555-1604,2026-01-15 01:00:00
73,David,Taylor,,,2026-01-04 13:00:00
74,Bob,Jones,bob.jones@example.com,555-3509,2026-01-23 19:00:00
75,Frank,Anderson,frank.anderson@example.com,555-5093,2026-01-18 12:00:00
76,Ivan,Wilson,ivan.wilson@example.com,555-7216,2026-01-25 05:00:00
77,Charlie,Brown,charlie.brown@example.com,555-1153,2026-01-10 21:00:00
78,Frank,Miller,frank.miller@example.com,,2026-01-09 13:00:00
79,Eve,Jackson,eve.jackson@example.com,,2026-01-28 21:00:00
80,Judy,Smith,judy.smith@example.com,555-8786,2026-01-20 04:00:00
81,Heidi,Thomas,heidi.thomas@example.com,555-4461,2026-01-23 08:00:00
82,Heidi,Brown,heidi.brown@example.com,555-5179,2026-01-26 11:00:00
83,Bob,Wilson,bob.wilson@example.com,555-7572,2026-01-10 11:00:00
84,Eve,Anderson,eve.anderson@example.com,555-1668,2026-01-06 04:00:00
85,Heidi,Thomas,heidi.thomas@example.com,555-8977,2026-01-11 00:00:00
86,Alice,Anderson,alice.anderson@example.com,555-2885,2026-01-08 23:00:00
87,Alice,Wilson,alice.wilson@example.com,,2026-01-28 04:00:00
88,Ivan,Smith,ivan.smith@example.com,555-9361,2026-01-18 02:00:00
89,David,Jones,david.jones@example.com,555-6011,2026-01-28 15:00:00
90,David,Anderson,david.anderson@example.com,555-9161,2026-01-25 15:00:00
50,Alice,Taylor,alice.taylor@example.com,555-9421,2026-01-22 16:00:00
79,Eve,Jackson,eve.jackson@example.com,,2026-01-28 21:00:00
33,Judy,Smith,judy.smith@example.com,555-7670,2026-01-22 03:00:00
56,Ivan,Smith,ivan.smith@example.com,555-4234,2026-01-06 18:00:00
66,Charlie,Jackson,,555-6194,2026-01-10 03:00:00
87,Alice,Wilson,alice.wilson@example.com,,2026-01-28 04:00:00
6,Bob,Taylor,bob.taylor@example.com,555-5342,2026-01-27 05:00:00
48,Judy,Jackson,judy.jackson@example.com,555-9316,2026-01-21 03:00:00
48,Judy,Jackson,judy.jackson@example.com,555-9316,2026-01-21 03:00:00
26,Bob,Taylor,bob.taylor@example.com,555-1121,2026-01-03 17:00:00